{
  "block.shulker_box.place": {
    "sounds": [
      "auditory:block/shulker_box/break1",
      "auditory:block/shulker_box/break2",
      "auditory:block/shulker_box/break3",
      "auditory:block/shulker_box/break4",
      "auditory:block/shulker_box/break5"
    ],
    "subtitle": "subtitles.block.generic.place"
  },
  "block.shulker_box.break": {
    "sounds": [
      "auditory:block/shulker_box/break1",
      "auditory:block/shulker_box/break2",
      "auditory:block/shulker_box/break3",
      "auditory:block/shulker_box/break4",
      "auditory:block/shulker_box/break5"
    ],
    "subtitle": "subtitles.block.generic.break"
  },
  "block.shulker_box.hit": {
    "sounds": [
      "auditory:block/shulker_box/break1",
      "auditory:block/shulker_box/break2",
      "auditory:block/shulker_box/break3",
      "auditory:block/shulker_box/break4",
      "auditory:block/shulker_box/break5"
    ],
    "subtitle": "subtitles.block.generic.hit"
  },
  "block.shulker_box.step": {
    "sounds": [
      "auditory:block/shulker_box/step1",
      "auditory:block/shulker_box/step2",
      "auditory:block/shulker_box/step3",
      "auditory:block/shulker_box/step4",
      "auditory:block/shulker_box/step5"
    ],
    "subtitle": "subtitles.block.generic.footsteps"
  },
  "block.shulker_box.fall": {
    "sounds": [
      "auditory:block/shulker_box/step1",
      "auditory:block/shulker_box/step2",
      "auditory:block/shulker_box/step3",
      "auditory:block/shulker_box/step4",
      "auditory:block/shulker_box/step5"
    ]
  },

  "block.jukebox.use": {
	"replace": true,
    "sounds": [
      "auditory:tiger/block/jukebox/disc_in"
    ],
    "subtitle": "subtitles.block.jukebox.use"
  },
  "block.jukebox.eject": {
	"replace": true,
    "sounds": [
      "auditory:tiger/block/jukebox/disc_out"
    ],
    "subtitle": "subtitles.block.jukebox.eject"
  },

  "item.bow.pulling": {
	"replace": true,
    "sounds": [
	"extrasounds:tiger/action/bow_pull1",
	"extrasounds:tiger/action/bow_pull2"
    ],
    "subtitle": "subtitles.item.bow.pulling"
  },
  "item.sword.swing": {
    "sounds": [
      "auditory:item/sword/swing1",
      "auditory:item/sword/swing2",
      "auditory:item/sword/swing3",
      "auditory:item/sword/swing4",
      "auditory:item/sword/swing5"
    ],
    "subtitle": "subtitles.item.weapon.swing"
  },
  "item.axe.swing": {
    "sounds": [
      "auditory:item/axe/swing1",
      "auditory:item/axe/swing2",
      "auditory:item/axe/swing3"
    ],
    "subtitle": "subtitles.item.weapon.swing"
  },
  "item.tool.swing": {
    "sounds": [
      "auditory:item/tool/swing1",
      "auditory:item/tool/swing2",
      "auditory:item/tool/swing3"
    ],
    "subtitle": "subtitles.item.tool.swing"
  },
  "item.trident.swing": {
    "sounds": [
      "auditory:item/tool/swing1",
      "auditory:item/tool/swing2",
      "auditory:item/tool/swing3"
    ],
    "subtitle": "subtitles.item.trident.swing"
  },
  "item.shield.raise": {
	"replace": true,
    "sounds": [{
      "name": "auditory:tiger/item/shield/raise",
	"volume": 3.6
    }],
    "subtitle": "subtitles.item.shield.raise"
  },

  "item.spawn_egg.use": {
	"replace": true,
    "sounds": [{
      "name": "minecraft:entity.turtle.egg_hatch",
	  "type": "event"
    }],
    "subtitle": "subtitles.item.spawn_egg.use"
  },

  "player.item.drop": {
	"replace": true,
    "sounds": [
      "extrasounds:tiger/item/drop"
    ],
    "subtitle": "subtitles.entity.player.drop_item"
  },

  "block.spawner.break": {
    "sounds": [
      "auditory:block/spawner/break1"
    ],
    "subtitle": "subtitles.block.generic.break"
  },

  "block.chorus_plant.place": {
    "sounds": [
      "auditory:block/chorus_plant/place1",
      "auditory:block/chorus_plant/place2",
      "auditory:block/chorus_plant/place3",
      "auditory:block/chorus_plant/place4"
    ],
    "subtitle": "subtitles.block.generic.place"
  },
  "block.chorus_plant.break": {
    "sounds": [
      "auditory:block/chorus_plant/place1",
      "auditory:block/chorus_plant/place2",
      "auditory:block/chorus_plant/place3",
      "auditory:block/chorus_plant/place4"
    ],
    "subtitle": "subtitles.block.generic.break"
  },
  "block.chorus_plant.hit": {
    "sounds": [
      "auditory:block/chorus_plant/place1",
      "auditory:block/chorus_plant/place2",
      "auditory:block/chorus_plant/place3",
      "auditory:block/chorus_plant/place4"
    ],
    "subtitle": "subtitles.block.generic.hit"
  },
  "block.chorus_plant.step": {
    "sounds": [
      "auditory:block/chorus_plant/step1",
      "auditory:block/chorus_plant/step2",
      "auditory:block/chorus_plant/step3",
      "auditory:block/chorus_plant/step4",
      "auditory:block/chorus_plant/step5"
    ],
    "subtitle": "subtitles.block.generic.footsteps"
  },
  "block.chorus_plant.fall": {
    "sounds": [
      "auditory:block/chorus_plant/step1",
      "auditory:block/chorus_plant/step2",
      "auditory:block/chorus_plant/step3",
      "auditory:block/chorus_plant/step4",
      "auditory:block/chorus_plant/step5"
    ]
  },

  "block.purpur.place": {
    "sounds": [
      "auditory:block/purpur/place1",
      "auditory:block/purpur/place2",
      "auditory:block/purpur/place3",
      "auditory:block/purpur/place4",
      "auditory:block/purpur/place5"
    ],
    "subtitle": "subtitles.block.generic.place"
  },
  "block.purpur.break": {
    "sounds": [
      "auditory:block/purpur/place1",
      "auditory:block/purpur/place2",
      "auditory:block/purpur/place3",
      "auditory:block/purpur/place4",
      "auditory:block/purpur/place5"
    ],
    "subtitle": "subtitles.block.generic.break"
  },
  "block.purpur.hit": {
    "sounds": [
      "auditory:block/purpur/place1",
      "auditory:block/purpur/place2",
      "auditory:block/purpur/place3",
      "auditory:block/purpur/place4",
      "auditory:block/purpur/place5"
    ],
    "subtitle": "subtitles.block.generic.hit"
  },
  "block.purpur.step": {
    "sounds": [
      "auditory:block/purpur/step1",
      "auditory:block/purpur/step2",
      "auditory:block/purpur/step3"
    ],
    "subtitle": "subtitles.block.generic.footsteps"
  },
  "block.purpur.fall": {
    "sounds": [
      "auditory:block/purpur/step1",
      "auditory:block/purpur/step2",
      "auditory:block/purpur/step3"
    ]
  },

  "block.ice.place": {
    "sounds": [
      "auditory:block/ice/place1",
      "auditory:block/ice/place2",
      "auditory:block/ice/place3",
      "auditory:block/ice/place4"
    ],
    "subtitle": "subtitles.block.generic.place"
  },
  "block.ice.break": {
    "sounds": [
      "auditory:block/ice/break1",
      "auditory:block/ice/break2",
      "auditory:block/ice/break3"
    ],
    "subtitle": "subtitles.block.generic.break"
  },
  "block.ice.hit": {
    "sounds": [
      "auditory:block/ice/break1",
      "auditory:block/ice/break2",
      "auditory:block/ice/break3"
    ],
    "subtitle": "subtitles.block.generic.hit"
  },
  "block.ice.step": {
    "sounds": [
      "auditory:block/ice/step1",
      "auditory:block/ice/step2",
      "auditory:block/ice/step3",
      "auditory:block/ice/step4",
      "auditory:block/ice/step5"
    ],
    "subtitle": "subtitles.block.generic.footsteps"
  },
  "block.ice.fall": {
    "sounds": [
      "auditory:block/ice/step1",
      "auditory:block/ice/step2",
      "auditory:block/ice/step3",
      "auditory:block/ice/step4",
      "auditory:block/ice/step5"
    ]
  },

  "block.gourd.place": {
    "sounds": [
      "auditory:block/gourd/break1",
      "auditory:block/gourd/break2",
      "auditory:block/gourd/break3",
      "auditory:block/gourd/break4"
    ],
    "subtitle": "subtitles.block.generic.place"
  },
  "block.gourd.break": {
    "sounds": [
      "auditory:block/gourd/break1",
      "auditory:block/gourd/break2",
      "auditory:block/gourd/break3",
      "auditory:block/gourd/break4"
    ],
    "subtitle": "subtitles.block.generic.break"
  },
  "block.gourd.hit": {
    "sounds": [
      "auditory:block/gourd/break1",
      "auditory:block/gourd/break2",
      "auditory:block/gourd/break3",
      "auditory:block/gourd/break4"
    ],
    "subtitle": "subtitles.block.generic.hit"
  },
  "block.gourd.step": {
    "sounds": [
      "auditory:block/gourd/step1",
      "auditory:block/gourd/step2",
      "auditory:block/gourd/step3",
      "auditory:block/gourd/step4"
    ],
    "subtitle": "subtitles.block.generic.footsteps"
  },
  "block.gourd.fall": {
    "sounds": [
      "auditory:block/gourd/step1",
      "auditory:block/gourd/step2",
      "auditory:block/gourd/step3",
      "auditory:block/gourd/step4"
    ]
  }
}