{
  "block_sounds": {
    "block_sounds": false,
    "falling_in_place_sound": true,
    "jukebox_sounds": true,
    "flower_pot_sounds": true,
    "cake_eating_sounds": true
  },
  "item_sounds": {
    "ender_pearl_sounds": true,
    "spawn_egg_sounds": true,
    "lead_sounds": true,
    "boat_sounds": true,
    "minecart_sounds": true
  },
  "weapon_sounds": {
    "fist_swinging_sounds": false,
    "sword_swinging_sounds": true,
    "axe_swinging_sounds": true,
    "pickaxe_swinging_sounds": true,
    "shovel_swinging_sounds": true,
    "hoe_swinging_sounds": true,
    "trident_swinging_sounds": true,
    "shear_swinging_sounds": true,
    "bow_pullback_sounds": true,
    "trident_pullback_sounds": true,
    "shield_blocking_sounds": true
  },
  "misc_sounds": {
    "silverfish_step_sounds": true,
    "item_drop_sounds": true
  }
}