{
  "entity.player.death": {
    "replace": true,
    "sounds": [
      "tiger/entity/player/death1",
      "tiger/entity/player/death2",
      "tiger/entity/player/death3",
      "tiger/entity/player/death4",
      "tiger/entity/player/death5",
      "tiger/entity/player/death6",
      "tiger/entity/player/death7",
      "tiger/entity/player/death8" ]
  },
  "block.snow.step": {
    "replace": true,
    "sounds": [
      "tiger/step/snow" ]
  },
  "entity.iron_golem.hurt": {
    "replace": true,
    "sounds": [
      "tiger/mob/irongolem/hit1",
      "tiger/mob/irongolem/hit2" ]
  },
  "entity.warden.step": {
    "replace": true,
    "sounds": [
      "tiger/mob/warden/step1",
      "tiger/mob/warden/step2",
      "tiger/mob/warden/step3",
      "tiger/mob/warden/step4" ]
  },
  "entity.warden.ambient": {
    "replace": true,
    "sounds": [
      "tiger/mob/warden/idle1",
      "tiger/mob/warden/idle2",
      "tiger/mob/warden/idle3" ]
  },
  "entity.warden.sniff": {
    "replace": true,
    "sounds": [
      "tiger/mob/warden/sniff1",
      "tiger/mob/warden/sniff2" ]
  },
  "entity.warden.attack.impact": {
    "replace": true,
    "sounds": [
      "tiger/mob/warden/attack1",
      "tiger/mob/warden/attack2" ]
  },
  "entity.warden.hurt": {
    "replace": true,
    "sounds": [
      "tiger/mob/warden/hurt" ]
  },
  "entity.warden.listening": {
    "replace": true,
    "sounds": [
      "tiger/mob/warden/listening1",
      "tiger/mob/warden/listening2" ]
  },
  "entity.warden.listening_angry": {
    "replace": true,
    "sounds": [{
		"name": "entity.warden.listening",
		"type": "event",
		"pitch": 1.05,
		"volume": 1.5
		}]
  },
  "entity.warden.sonic_boom": {
    "replace": true,
    "sounds": [
      "tiger/mob/warden/sonic_boom1", 
      "tiger/mob/warden/sonic_boom2" ]
  },
  "ui.stonecutter.select_recipe": {
    "replace": true,
    "sounds": [
      "random/click_stereo" ]
  },
  "block.dispenser.fail": {
    "replace": true,
    "sounds": [
      "tiger/block/dispenser/fail" ]
  },
  "entity.player.attack.knockback": {
    "replace": true,
    "sounds": [
      "tiger/entity/player/attack/knockback1",
      "tiger/entity/player/attack/knockback2" ]
  },
  "entity.player.attack.strong": {
    "replace": true,
    "sounds": [
      "tiger/entity/player/attack/strong1",
      "tiger/entity/player/attack/strong2" ]
  },
  "entity.player.attack.weak": {
    "replace": true,
    "sounds": [
      "tiger/entity/player/attack/weak1",
      "tiger/entity/player/attack/weak2" ]
  },
  "entity.player.attack.nodamage": {
    "replace": true,
    "sounds": [
      "tiger/entity/player/attack/nodamage1",
      "tiger/entity/player/attack/nodamage2",
      "tiger/entity/player/attack/nodamage3" ]
  },
  "entity.player.attack.crit": {
    "replace": true,
    "sounds": [
      "tiger/entity/player/attack/crit" ]
  },
  "block.bubble_column.whirlpool_inside": {
    "//": "inside of bubble column going down",
    "replace": true,
    "sounds": [
      "tiger/block/bubble_column/whirlpool_inside1",
      "tiger/block/bubble_column/whirlpool_inside2",
      "tiger/block/bubble_column/whirlpool_inside3" ]
  },
  "block.bubble_column.whirlpool_ambient": {
    "replace": true,
    "sounds": [
      "tiger/block/bubble_column/whirlpool_ambient" ]
  },
  "entity.player.attack.sweep": {
    "replace": true,
    "sounds": [
      "tiger/entity/player/attack/sweep1",
      "tiger/entity/player/attack/sweep2",
      "tiger/entity/player/attack/sweep3",
      "tiger/entity/player/attack/sweep4" ]
  },
  "item.armor.equip_chain": {
    "replace": true,
    "sounds": [
      "tiger/item/armor/chain/equip1",
      "tiger/item/armor/chain/equip2",
      "tiger/item/armor/chain/equip3" ]
  },
  "block.pointed_dripstone.drip_water_into_cauldron": {
    "//": "water level in the cauldron rises",
    "replace": true,
    "sounds": [
      "block/pointed_dripstone/drip_water1",
      "block/pointed_dripstone/drip_water2",
      "block/pointed_dripstone/drip_water3",
      "block/pointed_dripstone/drip_water4",
      "block/pointed_dripstone/drip_water5",
      "block/pointed_dripstone/drip_water6",
      "block/pointed_dripstone/drip_water7",
      "block/pointed_dripstone/drip_water8",
      "block/pointed_dripstone/drip_water9",
      "block/pointed_dripstone/drip_water10",
      "block/pointed_dripstone/drip_water11" ]
  },
  "block.lava.extinguish": {
    "//": "water contacts with water",
    "replace": true,
    "sounds": [
      "tiger/liquid/lava/extinguish1",
      "tiger/liquid/lava/extinguish2",
      "tiger/liquid/lava/extinguish3",
      "tiger/liquid/lava/extinguish4" ]
  },
  "entity.blaze.shoot": {
    "replace": true,
    "sounds": [
      "tiger/mob/blaze/shoot" ]
  },
  "entity.leash_knot.place": {
    "replace": true,
    "sounds": [
      "tiger/entity/leashknot/place-break" ]
  },
  "entity.leash_knot.break": {
    "replace": true,
    "sounds": [
      "tiger/entity/leashknot/place-break" ]
  },
  "block.bubble_column.upwards_inside": {
    "replace": true,
    "sounds": [
      "tiger/block/bubble_column/upwards_inside1",
      "tiger/block/bubble_column/upwards_inside2",
      "tiger/block/bubble_column/upwards_inside3" ]
  },
  "block.bubble_column.upwards_ambient": {
    "replace": true,
    "sounds": [
      "tiger/block/bubble_column/upwards_ambient" ]
  },
  "entity.tropical_fish.ambient": {
    "replace": true,
    "sounds": [{
		"name": "block.bubble_column.bubble_pop",
		"type": "event" 
		}]
  },
  "entity.cod.ambient": {
    "replace": true,
    "sounds": [{
		"name": "block.bubble_column.bubble_pop",
		"type": "event" 
		}]
  },
  "entity.puffer_fish.ambient": {
    "replace": true,
    "sounds": [{
		"name": "block.bubble_column.bubble_pop",
		"type": "event" 
		}]
  },
  "entity.salmon.ambient": {
    "replace": true,
    "sounds": [{
		"name": "block.bubble_column.bubble_pop",
		"type": "event" 
		}]
  },
  "item.shield.block": {
    "replace": true,
    "sounds": [
      "tiger/item/shield/block" ]
  },
  "item.shield.break": {
    "replace": true,
    "sounds": [
      "tiger/item/shield/break" ]
  },
  "tiger.bubbles": {
    "replace": true,
    "sounds": [
		"block/bubble_column/bubble1",
		"block/bubble_column/bubble2",
		"block/bubble_column/bubble3",
		"tiger/block/bubble/bubble4",
		"tiger/block/bubble/bubble5",
		"tiger/block/bubble/bubble6",
		"tiger/block/bubble/bubble7",
		"tiger/block/bubble/bubble8" ]
  },
  "block.bubble_column.bubble_pop": {
    "replace": true,
    "sounds": [{
		"name": "tiger.bubbles",
		"volume": 0.7,
		"type": "event" 
		}]
  },
  "entity.generic.burn": {
    "//": "item burns",
    "replace": true,
    "sounds": [
      "tiger/item/burn1",
      "tiger/item/burn2" ]
  },
  "tiger.liquid.jump": {
    "//": "small hops on water",
    "replace": true,
    "sounds": [
		"tiger/liquid/water/jump_on_water1",
		"tiger/liquid/water/jump_on_water2",
		"tiger/liquid/water/jump_on_water3" ]
  },
  "entity.hostile.splash": {
    "replace": true,
    "sounds": [{
		"name": "tiger.liquid.jump",
		"volume": 9.0,
		"type": "event"
		}]
  },
  "entity.player.splash": {
    "replace": true,
    "sounds": [{
		"name": "tiger.liquid.jump",
		"volume": 8.0,
		"type": "event"
	}]
  },
  "entity.frog.tongue": {
    "sounds": [
		"tiger/mob/frog/tongue5",
		"tiger/mob/frog/tongue6" ]
  },
  "entity.ghast.hurt": {
    "replace": true,
    "sounds": [
      "tiger/mob/ghast/scream1",
      "tiger/mob/ghast/scream2",
      "tiger/mob/ghast/scream3" ]
  },
  "entity.ghast.ambient": {
    "replace": true,
    "sounds": [
      "tiger/mob/ghast/moan1",
      "tiger/mob/ghast/moan2",
      "tiger/mob/ghast/moan3" ]
  },
  "entity.splash_potion.break": {
    "replace": true,
    "sounds": [
      "tiger/entity/splash_potion/break" ]
  },
  "entity.generic.splash": {
	"//": "any entity enters water",
    "replace": true,
    "sounds": [
      "tiger/liquid/water/splash1",
      "tiger/liquid/water/splash2",
      "tiger/liquid/water/splash3",
      "tiger/liquid/water/splash4",
      "tiger/liquid/water/splash5",
      "tiger/liquid/water/splash6",
      "tiger/liquid/water/splash7",
      "tiger/liquid/water/splash8",
      "tiger/liquid/water/splash9",
      "tiger/liquid/water/splash10",
      "tiger/liquid/water/splash11",
      "tiger/liquid/water/splash12",
      "tiger/liquid/water/splash13" ]
  },
  "entity.slime.jump_small": {
    "//": "small slime jumps",
    "replace": true,
    "sounds": [
      "tiger/mob/slime/small/jump1",
      "tiger/mob/slime/small/jump2" ]
  },
  "entity.slime.jump": {
    "//": "non small slime jumps",
    "replace": true,
    "sounds": [
      "tiger/mob/slime/big/jump1",
      "tiger/mob/slime/big/jump2" ]
  },
  "entity.slime.death": {
    "replace": true,
    "sounds": [
      "tiger/mob/slime/big/death" ]
  },
  "entity.slime.squish": {
    "//": "non small slime lands",
    "replace": true,
    "sounds": [
      "tiger/mob/slime/big/squish1", 
      "tiger/mob/slime/big/squish2" ]
  },
  "entity.slime.squish_small": {
    "//": "small slime lands",
    "replace": true,
    "sounds": [
      "tiger/mob/slime/small/squish1",
      "tiger/mob/slime/small/squish2" ]
  },
  "entity.slime.death_small": {
    "//": "small slime lands",
    "replace": true,
    "sounds": [
      "tiger/mob/slime/small/death" ]
  },
  "item.armor.equip_netherite": {
    "replace": true,
    "sounds": [
      "tiger/item/armor/netherite/equip1",
      "tiger/item/armor/netherite/equip2" ]
  },
  "entity.fishing_bobber.splash": {
    "replace": true,
    "sounds": [{
		"name": "tiger.liquid.jump",
		"type": "event"
		}]
  },
  "item.armor.equip_leather": {
    "replace": true,
    "sounds": [
      "tiger/item/armor/leather/equip1",
      "tiger/item/armor/leather/equip2", 
      "tiger/item/armor/leather/equip3",
      "tiger/item/armor/leather/equip4",
      "tiger/item/armor/leather/equip5",
      "tiger/item/armor/leather/equip6" ]
  },
  "item.armor.equip_elytra": {
    "replace": true,
    "sounds": [{
		"name": "item.armor.equip_leather",
		"type": "event"
		}]
  },
  "mcdefault.armor.equip_leather": {
	"//": "node for extrasounds",
    "replace": true,
    "sounds": [
      "item/armor/equip_leather1",
      "item/armor/equip_leather2",
      "item/armor/equip_leather3",
      "item/armor/equip_leather4",
      "item/armor/equip_leather5",
      "item/armor/equip_leather6" ]
  },
  "mcdefault.armor.equip_netherite": {
	"//": "node for extrasounds",
    "replace": true,
    "sounds": [
		"item/armor/equip_netherite1",
		"item/armor/equip_netherite2",
		"item/armor/equip_netherite3",
		"item/armor/equip_netherite4" ]
  },
  "entity.pig.saddle": {
    "replace": true,
    "sounds": [
		"tiger/entity/pig/small_saddle" ]
  },
  "block.portal.travel": {
    "replace": true,
    "sounds": [
		"tiger/portal/travel1",
		"tiger/portal/travel2" ]
  },
  "entity.player.splash.high_speed": {
    "replace": true,
    "sounds": [{
		"name": "entity.generic.splash",
		"volume": 1.4,
		"type": "event"
		}]
  },
  "ambient.underwater.exit": {
    "replace": true,
    "sounds": [
		"tiger/liquid/water/exit" ]
  },
  "block.redstone_torch.burnout": {
    "replace": true,
    "sounds": [
		"tiger/block/redstone_torch/burnout" ]
  },
  "block.dispenser.dispense": {
    "replace": true,
    "sounds": [
      "tiger/block/dispenser/dispense" ]
  },
  "block.lever.click": {
    "replace": true,
    "sounds": [{
		"name": "tiger/random/fix_lever_click",
		"pitch": 1.8,
		"volume": 2.5
		}]
  },
  "block.stone_button.click_on": {
    "replace": true,
    "sounds": [{
		"name": "tiger/random/fix_stone_click_global",
		"pitch": 1.5
		}]
  },
  "block.stone_button.click_off": {
    "replace": true,
    "sounds": [{
		"name": "tiger/random/fix_stone_click_global",
		"pitch": 1.5
		}]
  },
  "block.wooden_button.click_on": {
    "replace": true,
    "sounds": [{
		"name": "tiger/random/fix_wooden_click_global",
		"pitch": 1.5
		}]
  },
  "block.wooden_button.click_off": {
    "replace": true,
    "sounds": [{
		"name": "tiger/random/fix_wooden_click_global",
		"pitch": 1.5
		}]
  },
  "block.stone_pressure_plate.click_on": {
    "replace": true,
    "sounds": [{
		"name": "tiger/random/fix_stone_click_global",
		"pitch": 1.5
		}]
  },
  "block.stone_pressure_plate.click_off": {
    "replace": true,
    "sounds": [{
		"name": "tiger/random/fix_stone_click_global",
		"pitch": 1.5
		}]
  },
  "block.wooden_pressure_plate.click_on": {
    "replace": true,
    "sounds": [{
		"name": "tiger/random/fix_stone_click_global",
		"pitch": 1.5
		}]
  },
  "block.wooden_pressure_plate.click_off": {
    "replace": true,
    "sounds": [{
	 "name": "tiger/random/fix_stone_click_global",
	 "pitch": 1.5
		}]
  },
  "block.tripwire.attach": {
    "replace": true,
    "sounds": [{
      "name": "tiger/random/hook_attach", 
	  "pitch": 1.5
		}]
  },
  "block.comparator.click": {
    "replace": true,
    "sounds": [{
      "name": "tiger/random/fix_stone_click_global", 
	  "pitch": 1.5
		}]
  },
  "entity.lightning_bolt.impact": {
    "replace": true,
    "sounds": [{
      "name": "tiger/entity/lightning_bolt/impact1",
	  "weight": 2
	},
	{
	"name": "tiger/entity/lightning_bolt/impact2" }]
  },
  "tiger.entity.lightning_bolt.thunder.lower_vol": {
    "replace": true,
    "sounds": [
		"ambient/weather/thunder1",
		"ambient/weather/thunder2",
		"ambient/weather/thunder3" ]
  },
  "entity.lightning_bolt.thunder": {
    "replace": true,
    "sounds": [{
      "name": "tiger.entity.lightning_bolt.thunder.lower_vol",
		"pitch": 1.5,
		"type": "event"
		}]
  },
  "item.bottle.fill": {
    "replace": true,
    "sounds": [
		"tiger/item/bottle/fill1",
		"tiger/item/bottle/fill2" ]
  },
  "item.bucket.fill_lava": {
    "replace": true,
    "sounds": [
		"tiger/item/bucket/fill/lava1",
		"tiger/item/bucket/fill/lava2",
		"tiger/item/bucket/fill/lava3" ]
  },
  "ambient.cave": {
	"sounds": [{
		"name": "tiger/ambient/ow/cave/cave20",
		"weight": 2,
		"volume": 0.8
		},
		{
		"name": "tiger/ambient/ow/cave/cave21",
		"weight": 3
		},
		{
		"name": "tiger/ambient/ow/cave/cave22",
		"volume": 2.5
		},
		{
		"name": "tiger/ambient/ow/cave/cave23",
		"volume": 2.5
		},
		{
		"name": "tiger/ambient/ow/cave/cave24",
		"volume": 2.5
		}]
  },
    "entity.skeleton.death": {
     "replace": true,
     "sounds": [
	"tiger/mob/skeleton/death1",
	"tiger/mob/skeleton/death2",
	"tiger/mob/skeleton/death3",
	"tiger/mob/skeleton/death4" ]
  },
  "entity.skeleton.hurt": {
	"replace": true,
    "sounds": [
      "tiger/mob/skeleton/hurt1",
      "tiger/mob/skeleton/hurt2",
      "tiger/mob/skeleton/hurt3" ]
  },
  "tiger.weather.rain": {
    "sounds": [
      "tiger/ambient/ow/rain/rain1",
      "tiger/ambient/ow/rain/rain2",
      "tiger/ambient/ow/rain/rain3",
      "tiger/ambient/ow/rain/rain4",
      "tiger/ambient/ow/rain/rain5",
      "tiger/ambient/ow/rain/rain6",
      "tiger/ambient/ow/rain/rain7",
      "tiger/ambient/ow/rain/rain8",
      "tiger/ambient/ow/rain/rain9",
      "tiger/ambient/ow/rain/rain10",
      "tiger/ambient/ow/rain/rain11" ]
  },
  "tiger.weather.rain.above": {
    "sounds": [{
	"name": "tiger.weather.rain",
	"type": "event"
			}]
  },
    "weather.rain": {
	 "replace": true,
     "sounds": [{
	"name": "tiger.weather.rain",
	"volume": 0.6,
	"type": "event"
			}]
  },
    "weather.rain.above": {
	 "replace": true,
     "sounds": [{
	"name": "tiger.weather.rain.above",
	"volume": 1.1,
	"pitch": 0.3,
	"type": "event"
			}]
  },
  "ambient.soul_sand_valley.mood": {
    "sounds": [
	"tiger/ambient/nether/soulsand/mood5",
	"tiger/ambient/nether/soulsand/mood6",
	"tiger/ambient/nether/soulsand/mood7",
	"tiger/ambient/nether/soulsand/mood8",
	"tiger/ambient/nether/soulsand/mood9",
	"tiger/ambient/nether/soulsand/mood10" ]
  },
  "entity.drowned.shoot": {
	"replace": true,
    "sounds": [
	"tiger/mob/drowned/throw/shoot1",
	"tiger/mob/drowned/throw/shoot2",
	"tiger/mob/drowned/throw/shoot3",
	"tiger/mob/drowned/throw/shoot4",
	"tiger/mob/drowned/throw/shoot5" ]
  },
  "block.sculk_shrieker.shriek": {
	"replace": true,
    "sounds": [
	"tiger/block/shrieker/shriek" ]
  },
  "block.end_gateway.spawn": {
    "replace": true,
    "sounds": [
	"tiger/block/end_gateway/summon" ]
  },
  "block.piston.extend": {
    "replace": true,
    "sounds": [{
	"name": "tiger.block.piston.extend",
	"pitch": 1.7,
	"volume": 1.5,
	"type": "event"
			}]
  },
  "tiger.block.piston.extend": {
    "replace": true,
    "sounds": [
	"tiger/block/piston/push/push1",
	"tiger/block/piston/push/push2",
	"tiger/block/piston/push/push3",
	"tiger/block/piston/push/push4",
	"tiger/block/piston/push/push5",
	"tiger/block/piston/push/push6",
	"tiger/block/piston/push/push7",
	"tiger/block/piston/push/push8",
	"tiger/block/piston/push/push9" ]
  },
  "block.piston.contract": {
    "replace": true,
    "sounds": [{
	"name": "tiger.block.piston.contract",
	"pitch": 1.7,
	"volume": 1.5,
	"type": "event"
			}]
  },
  "tiger.block.piston.contract": {
    "replace": true,
    "sounds": [
	"tiger/block/piston/pull/pull1",
	"tiger/block/piston/pull/pull2",
	"tiger/block/piston/pull/pull3",
	"tiger/block/piston/pull/pull4",
	"tiger/block/piston/pull/pull5",
	"tiger/block/piston/pull/pull6",
	"tiger/block/piston/pull/pull7",
	"tiger/block/piston/pull/pull8",
	"tiger/block/piston/pull/pull9" ]
  },
  "entity.bee.loop": {
    "replace": true,
    "sounds": [
	"tiger/mob/bee/ambient1",
	"tiger/mob/bee/ambient2",
	"tiger/mob/bee/ambient3",
	"tiger/mob/bee/ambient4",
	"tiger/mob/bee/ambient5",
	"tiger/mob/bee/ambient6" ]
  },
  "block.beacon.deactivate": {
    "replace": true,
    "sounds": [
	"tiger/block/beacon/deactivate1",
	"tiger/block/beacon/deactivate2" ]
  },
  "entity.polar_bear.hurt": {
	"replace": true,
    "sounds": [{
	"name": "mob/polarbear/hurt1",
	"weight": 5 },
		{
	"name": "mob/polarbear/hurt2",
	"weight": 5 },
		{
	"name": "mob/polarbear/hurt3",
	"weight": 5 },
		{
	"name": "mob/polarbear/hurt4",
	"weight": 5 },
		{
	"name": "tiger/mob/polarbear/bonk",
	"weight": 1 
			}]
  },
  "block.slime_block.step": {
    "replace": true,
    "sounds": [
      "tiger/block/slime/step1",
      "tiger/block/slime/step2",
      "tiger/block/slime/step3" ]
  },
  "block.portal.trigger": {
    "replace": true,
    "sounds": [{
	"name": "portal/trigger",
	"volume": 2.9
			}]
  },
  "block.portal.ambient": {
    "replace": true,
    "sounds": [{
	"name": "portal/portal",
	"volume": 0.5
			}]
  },
  "entity.frog.ambient": {
    "replace": true,
    "sounds": [
      "mob/frog/idle1",
      "mob/frog/idle2",
      "mob/frog/idle3",
      "mob/frog/idle4",
      "mob/frog/idle8",
      "tiger/mob/frog/idle9",
      "tiger/mob/frog/idle10",
      "tiger/mob/frog/idle11",
      "tiger/mob/frog/idle12" ]
}}